text,label
"[Bill Simmons Pod] Bill: ""Harden or Brunson for their entire careers, which guy would you rather have?""",News
"Mike Greenberg on SGA style of play: “Watching him play is agonizing. It is not fun…. You have to understand that for the rest of us, watching this style of play is not like watching Steph, it’s not like watching Michael Jordan. It’s just not.”",News
Nike's ad celebrating the Knicks finally winning the title,Opinion
"Vlade Divac on why he didn't draft Luka: ""I already had Fox who I had a good relationship with so I would have to trade him. The small market was a perfect fit for Fox. Luka is a big market player, if I get him I may lose him down the road.""",News
Huge Kobe fan and that is crystal clear. Duncan had the better career.,Opinion
Tim Duncan has a stronger all-time resume than Kobe Bryant.,Analysis
"Yep, im a kobe fan but timmy had a better career and its not even close",Opinion
20 years from now James Harden will be viewed much more positively legacy-wise than he is right now.,Opinion
"Despite everybody saying rings are all that matters, most people would rather be James Harden than Robert Horry.",Analysis
"I’d much rather be Horry. If I’m harden, I’d look back at all the missed chances. If I’m Horry, I look back at all the incredible things I got to be a part of.",Opinion
LeBron PR team is deeply rooted in the NBA and sports media,Opinion
That great players from any era would be still great in a different era,Opinion
Defense has never been better it’s just offense has never been better either,Opinion
Karl Malone is the best power forward of all time buy the numbers. Y'all just don't give him credit cos he's a bad person,Opinion
LeBron went to the heat to learn how to win. He deferred to Wade in the 11’ finals since the Heat was still “his team” and ever since then hasn’t been passive in the playoffs. He needed that loss to have what it takes to 2 peat and those wins helped him believe coming back 3-1 was possible.,Opinion
Steph is better than Kobe,Opinion
"Scoring, while not being the only aspect of the game, is the most important aspect of the game. Of the 80 NBA finals 49 of them have been Won by a top 25 scorer in league history.",Analysis
Carmelo Anthony had the cleanest jumpshot ever,Opinion
"Wow that’s interesting. Wade and Kyrie have had some injury time so a little more context.Wade played in 1054 game, Kyrie played in 779, Lebron played 1548.So Lebron has played a lot more games then either of them, but added together he’s played 285 less games and still had over 2k more points.",Analysis
"The drop off from 98 into 99 is interesting, considering that was Spurs-Knicks as well. Definitely shows you the star power MJ had.",Analysis
"There was a player who in 11 years averaged 26.4/16.2 on his career, won 2 MVPs, a Finals, made 10 straight All-NBA teams, made an all NBA team and was an all star in every season they played, and dropped 50/19 in a closeout Finals game",Analysis
"That man's name is Bob Pettit. He never had a season averaging under 20 PPG, nor a season averaging less than 12 RPG. He also won 2 scoring titles, rookie of the year, and a rebounding title. He even served as a player-coach at one point. He was the first player in league history to pass 20,000 career points, and all these he's still top 50, even with playing only 11 seasons. He's third all time in career rebounds per game after only the great Wilt Chamberlain and Bill Russell, and top 10 in points per game.",Analysis
"To this day, it's a pretty common consensus that Stephen Cuery underperformed in the 2015 finals. As a firm believer that won games should be evaluated more than lost games in the finals, though, I put together the numbers and percentages from the 4 games that the Warriors won in those finals, and Curry's stats in games 1, 4, 5, and 6 come out to:",Analysis
"Murray's hate was heavily front-loaded. If you remember, he had a rough Olympics showing and then came into this season dealing with injuries right after signing a massive extension. His playoff run was solid but not bubble Jamal, so the rate stayed elevated.Gobert is actually 4th in polarization! But Wolves and Jazz fans defend him hard enough to keep his net sentiment from being as extreme as someone like Draymond's.The pundit analysis would be incredible but my API bill says otherwise",Analysis
"Jeremy Lin has quickly become my favorite player turned sometimes analyst.

To me, he is on a similar path to Brian Baldinger.",Opinion
"Think about Kobe or MJ. Would either of these players have cared a fig about efficiency? No. They were going to shoot and and shoot until they won the game, and they didn't give a rat's ass about getting other players involved.I feel like today's players are in love with chasing efficiency. They'd rather have impressive 50-40-90 statlines than win games. It's a loser's mentality. Kawhi, KD, Jokic, all will sometimes give up hard shots in order to chase efficiency.That's why I love watching Ant, Brunson or Luka. They can brick shot after shot after shot and still keep on shooting, bc they know eventually that shot will fall. They play hero ball in the clutch. They don't care about efficiency.",Analysis
"Nikola Jokic: “We just lost in the first round. I think we are far away.” Changes needed? “That’s not my decision. Definitely, if we were in Serbia, we would all be fired.”",News
"Zion Williamson during his exit interview: ""I want to experience the playoffs...It's frustrating getting up here every year and not being in the playoffs. And I take my responsibility in that""",News
[Shams] Damian Lillard is expected to miss 6–8 weeks with a calf injury,News
"[Woj] The Lakers have signed Player X to a two-year contract.""",News
"[Stein] The NBA salary cap is projected to increase next season.""",News
[Haynes] LeBron James plans to exercise his player option,News
"[Fischer] League sources say that the Pistons' Isaiah Stewart is not merely available but outright bracing for a trade. Tobias Harris, by contrast, is a player Detroit is determined to retain. Sources say that the Bucks, Celtics, Spurs, and Heat are teams interested in Stewart.",News
"[Charania] ""I've had to walk out on dates, a lot of social events. My friends don't really like me. There are just moments where I'm just always gonna choose this""",News
Kawhi Leonard: “You see the drip…I’m always fresh if the Feds watching that’s what 2 chainz said”,News
"Karl Anthony Towns to Jalen Brunson: ""I want to make sure I amplify you to a whole other level that you havent even recognized for yourself. I want to be that partner in crime that you haven't had, and I want to make sure that every step of the way, anytime you go anywhere, you're never alone.""",News
Josh Hart says the Spurs not giving them credit for their wins throughout the Finals fueled them even more,News
"Kyrie Irving on Instagram: “All for one. One for All WE completed the mission together as brothers, and that’s all that matters to me.”",News
"Karl-Anthony Towns (to Jalen Brunson): ""I want to make sure I amplify you to a whole other level that you haven't even recognized for yourself. I want to be that partner in crime that you haven't had..."" [1]",News
"Doc Rivers (on James Harden): ""James doesn't give everybody else enough room to be great, he is the only one that can be great on his team",News
"Bobby Marks (Trade Talk): ""I'm still of the belief it's Miami because when you look at Giannis, it's the superstar checklist of 3 things [the Bucks want]... I do think that Miami right now has the best package out there."" [1]",News
"[Scotto] With the Denver Nuggets currently projected to be near the second apron, they’ve signaled a willingness to discuss forward Zeke Nnaji and the No. 26 pick as a trade package",News
[Smith] Mayor Gina Ortiz Jones wants billionaire Michael Dell to help pay for new Spurs arena,News
"[Dwight James] Sources tell me that Tiago Splitter's contract with Chicago is for three years, with a fourth year on a team option. It is believed to be at the league average, salary-wise. The average salary for NBA head coaches at this time is just under $7 million per year.",News
"Carmelo Anthony at the Knicks parade: ""New York is, as they would say, lit, right now!”",News
"[McMenamin] Luka Doncic is spending the summer in Slovenia with his daughters, Gabriela and Olivia, but sources close to him told ESPN he is in ""constant communication"" with Lakers. ""Luka's first and foremost desire is an A-list center,"" the source said.",News
[Fischer] The Portland Trail Blazers were prepared to sacrifice up to 4 years worth of first-round draft capital at the trade deadline in a Giannis Antetokounmpo trade without knowing if he would sign an extension.,News
"Jalen Brunson: ""There's a lot of people that have a lot of negative stuff to say. There's a lot of people who have a lot of opinions. But when you prove them wrong, you don't have to say s--t to them.""",News
[FOS] Madison Square Garden hit with class action lawsuit over apparent data breach after hackers allegedly accessed sensitive visitor data from up to 26 million people collected through James Dolan's controversial surveillance and facial-recognition system used at the Knicks home arena.,News
"[Charania] Memphis Grizzlies guard Kentavious Caldwell-Pope is exercising his $21.6 million player option for the 2026-27 season, sources tell ESPN.",News
"[Phoeurng Phearak] Cambodia National Team star has accepted an invitation to play for the Houston Rockets in the upcoming NBA Summer League in Las Vegas, sources told leading digital media outlet Cambodianess.",News
"Vlade Divac on why he didn't draft Luka: ""I already had Fox who I had a good relationship with so I would have to trade him. The small market was a perfect fit for Fox. Luka is a big market player, if I get him I may lose him down the road.""",News
"Keba Keita: ""I like Draymond Green a lot. When it comes to comparison, I think the role that I would fit in right now in the NBA, it would be kind of like [Clint] Capela and Isaiah Stewart.""",News
"[All-Access] OG Anunoby is given his key to the City and Knicks fans break out in an ""OG"" chant at the Championship Parade.",News
[All-Access] Mike Breen introduces the 2026 NBA Champion New York Knicks at City Hall during the Championship Parade.,News
"[Mackel] Pelicans, state of Louisiana expected to have a new, long-term lease agreement this fall",News
"[SNY] Mitchell Robinson says winning the NBA Finals is ""a dream come true"": ""I've been here when we have won 17 games, when we won 60 games, and to finally be able to get it done in 2026 with the journey that I've been on and the team... it's amazing""",News
"[Stein] Wolves assistant Micah Nori is a top candidate for both of the NBA's coaching vacancies, league sources say. Nori is a confirmed Portland finalist alongside Boston's Tyler Lashbrook and among Dallas' top contenders. Tiago Splitter just left the Blazers to take Chicago's job.",News
"Erik Spoelstra in an old interview: “What you have to respect about the Knicks, you have to put them away every single possession. You can leave anything to effin’ chance…that’s what they do, what they have is will to win.”",News
"OG Anunoby was about the game-winning tip-in in Game 4: ""Is anything going through your mind when you're up in the air like that, or is it all instinct?"" OG Anunoby: ""I mean, I was trying to dunk it..."" *Everyone starts laughing*",News
[WFAN] Mike Breen had a wild journey home from San Antonio that included sleeping on a couch in an Atlanta hotel,News
"[Charania] BREAKING: The Chicago Bulls are finalizing the hire of Portland Trail Blazers interim Tiago Splitter as the franchise's new head coach, sources tell ESPN. Splitter succeeds Billy Donovan as the Bulls' coach after stepping into the head job and excelling in Portland last season",News
"[Fischer] Sacramento has already had conversations with Charlotte and Toronto, trying to see if there was an opportunity to move Domantas Sabonis, and get into the 18/19 range, where the Hornets and Raptors are picking.",News
"[Spears] Wizards star Trae Young plans to decline his $48.97 million player option for the 2026–27 season to become a FA on Monday, sources. Washington remains the front runner for the four-time NBA All-Star as he loves the team and DC, but he still expects multiple team max interest.",News
"Kobe on LeBron not shaking hands. ""I think people make too much of it to be honest with you. It's a very competitive game and we're human just like everybody else.""",News
"[Haynes] The Knicks are flying back to New York tonight to finish celebrating, sources tell me.",News
[BS Podcast] Lowe: The league is gonna be spared the #1 talking point between games 5 and 6 being 'is Wemby going to be suspended for game 6' because of a flagrant foul...they're spared this whole officiating discussion because the Knicks saved their ass on it. Simmons: He would've gotten suspended.,Analysis
Jalen Brunson in the most important game of his life drops 45 points on 14/27 shooting and 4/7 from three as he leads the Knicks to their first championship since 1973,News
[Fischer] Per source: D’Angelo Russell has opted in to his 2026-27 player option with the Wizards worth $6 million.,News
[McMenamin] Several league sources told ESPN they believe Rui Hachimura could be the odd man out and that he might need to explore the market to find a desired deal.,News
"Jalen Brunson after the Knicks came back down 29 in game 4 of the NBA finals: “I mean I thought about it, but then I realized where we’re at. You’re allowed to think about the worst possible scenario, but you gotta go out there and do something about it.”",News
Jalen Brunson when asked about his feelings for Texas: “I love Texas. I miss the Texas taxes.”,News
[Fischer] New Orleans is no longer hanging up on teams calling to inquire about two-way wing Trey Murphy III and the Warriors' longstanding interest has been well-chronicled. The Pelicans are known to be very interested in acquiring a lottery pick in this draft,News
"[Amick] League sources say Detroit Pistons big man Isaiah Stewart is available. The Pistons, in search of shooting and playmakers, appear ready to rely on Paul Reed in an increased role. Detroit is believed to be among the suitors for guard Austin Reaves and is also interested in Isaiah Joe.",News
"[Scotto] With Charlotte considering a starting-caliber center upgrade, other centers besides Sabonis are on their radar, including Brooklyn Nets center Nic Claxton.",News
"[Charania] Free agent guard Collin Gillespie intends to sign a four-year, $48 million deal to return to the Phoenix Suns, sources tell ESPN. Gillespie spent three straight seasons on two-way contracts after going undrafted out of Villanova in 2022 and now earns a lucrative long-term deal.",News
"Steven Adams Says Today’s Bigs Are Not Good At ""Trench Work"" Like Boxing Out",News
[Fischer] The Minnesota Timberwolves circled back with the Milwaukee Bucks this week on Giannis Antetokounmpo and they were asking for even more now than they were at the deadline. Their requests have been described as “unrealistic.”,News
Jay Williams on Spurs team not shaking Knicks players hands: “Shaking hands is what you do when you’re in the little leagues. I don’t believe NBA players or professional athletes need to shake hands.”,News
A multi-part Knicks documentary is in the works at A24 & HBO. The series will follow the Knicks' entire history up to their first NBA championship in 53 years. Directed by Ben Stiller.,News
"De'Aaron Fox, the Spurs highest paid player, scores 7 points on 3/15 shooting and 1/8 from deep in the Spurs game 5 loss in the finals. He is due $229 million over the next 4 years with the Spurs",News
Giannis Antetokounmpo Gives Inspirational Speech After Losing 2023 Playoffs: “There is no failure in sports.”,News
Back When LeBron James Was Asked If It Bothers Him That People Take Joy In His Failure: “Absolutely not. At the end of the day they gotta wake up tomorrow and have the same life that they before they woke up today.,News
"Windhorst: ""LeBron's intention is to play and the focus right now is making a deal with the Lakers. They are negotiating. I think he's going to try and make a deal with the Lakers. The league generally believes the two sides are going to come together.""",News
[Fischer] The Los Angeles Lakers have called the OKC Thunder to inquire about Lu Dort. The Thunder may pick up Dort’s player option and seek to trade him in order to acquire assets.,News
[MacMahon] The Utah Jazz are not expected to reach an agreement on a rookie contract extension with Keyonte George,News
[Fischer] The three-team trade concept making the social media rounds in which the Clippers join a three-team Giannis construction with the Bucks and Celtics and take on Brown while surrendering the No. 5 pick is “not a real conversation.” Clippers not operating like team willing trade No. 5 pick.,News
"AJ Dybantsa says he didn't work out for any NBA teams: “I didn’t work out for none, I just visited the cities. Take me to the facility, take me to dinner, talk. I don’t gotta workout. They know what I can do.”",News
"[Amick] League sources say the Blazers would have serious interest in Jaylen Brown if the Celtics made him available. Similarly, league sources say the Timberwolves have strong interest in Derrick White. The Celtics are among many teams interested in Trey Murphy III if they don’t land Antetokounmpo.",News
"Most NBA fans don’t watch games so they often don’t know what they’re talking about. They’re usually just regurgitating sports radio and ESPN hot takes, and/or exercising their grudges against certain players when discussing the game.",Opinion
"t IS truly a hot take: Shaq never got better at anything. He just got fat, and exactly at that point, him elbowing and fouling people started being attributed to ""just being big and overpowering and bullying defenders"".",Opinion
Sports teams should be publicly owned instead of privately owned,Opinion
The hall of fame lets to many players in.,Opinion
Tim Duncan woulda ended up in the top 3 if his knees held up. He was far more athletic in his younger years than I think people remember,Opinion
Karl Malone stars should be erased I can’t believe the nba stands behind him,Opinion
Despite 3 MVPs and a chip Jokic is still underrated by the general public,Opinion
"Today's game is crap. The no calls on traveling and illegal screens, along with no hand checking, make it too easy to score. We have a rookie with two 50-point games (51 and 49) and Bam Adebayo going for 83.",Opinion
As a Thunder fan I can definitively say that Kevin Durant was never going to win a championship in OKC with Russell Westbrook as a teammate and he made the right decision to leave.,Opinion
David Stern wasn’t ready for the influx of international players who grew up playing soccer He didn’t prep the refs for the flopping/dramatics and now everyone (including US players) play like little bittches and flop all over the place,Opinion
"superstar whistle is real, everyone in the league knows it. undrafted players and rookies have it the worst and pretty much will never the the benefit of the doubt.",Opinion
NBA promised Dallas cooper so they can get Luka to LA for more views,Opinion
Lebron has been on and allowed to take PEDs for 25 years,Opinion
Jordan wasn't beating Hakeem in a finals series if it had ever happened.,Opinion
Refs should be suspended after enough bad calls.,Opinion
If Jordan played today he would be hated by fans because the amount of calls he gets.,Opinion
"If the 3 point line existed in the 60s, Jerry West would've retired with 5 rings and would've been in Top 5 all time at this moment",Opinion
James Harden and Russell Westbrook had better careers and resumes than Dwayne Wade,Opinion
My top 3 SG guards of all time Jordan. Kobe. Harden,Opinion
And I got Russ in my top 10 all time PGs,Opinion
"If the 1966 Celtics played by today’s rules and the 2026 Thunder played by ‘66 rules, audiences would think the Celtics look more talented.",Opinion
Arvydas Sabonis is the goat euro,Opinion
Jokic is massively overrated on reddit. His lack of defense at the most important defensive position drops his teams ceiling immensely. ,Opinion
Dennis Rodman is a top 75 player of all time.,Opinion
JR Smith would’ve been a Kobe level superstar if he just stayed off the Henny.,Opinion
"The NBA would be significantly more popular and a much better product, maybe even rivaling the nfl, if the season were only 32 or 34 games long and playoff series were shortened to best of 5. The over saturation of games makes them feel less meaningful to fans and makes it a more difficult sport to follow, and the sport is becoming increasingly about injuries rather than the actual strength of the teams.",Opinion
Basketball evolves fast! Borderline all-star now is better then the goat of the previews generations,Opinion
"The players are overpaid. Not because they dont generate the money or because they dont deserve it, but because its hard to stay driven to compete at the highest level when your entire family is already set for life for many generations to come. The money is the main reason for the decline in competitive spirit throughout the league.",Opinion
The league changed the rules specifically so they could push Jordan down peoples throats so they could have their 1st global superstar to grow/mainstream the league,Opinion
"Kevin Garnett was a better Power Forward than Tim Duncan, he just played on a much worse team in his prime",Opinion
As a Tim Duncan homer I agree that it’s much closer than Tim just being better. I bet if their careers were switched KG would have at least 2 titles and Tim probably at least 1 with Boston. Also does Tim leave Timberwolves earlier? It’s an interesting debate.,Opinion
Shaq isnt as good of a guy as he portrays in media,Opinion
That players are not more skilled at dribbling fundamentals but rather skilled at making space using carries and travelling because they're not skilled enough to make space otherwise.,Opinion
"The gathering step is the worst change, the NBA has ever made",Opinion
Tim duncan is more of a center than a PF,Opinion
Dwight Howard is overrated.,Opinion
Any owner that asks for public funding for a stadium needs to sell shares of the team to the fans.,Opinion
"The leadership is actively ignoring the rules of the game like flopping, calling easy fouls and are defending bad refs",Opinion
"The price of the ticket should be proportional to who is playing at a game. If the team, home or away, chooses to sit star players who may be truly injured or due to load management, partial refunds should be offered for the ticket holders of that game.",Opinion
Peak Mark Price was as good as Steve Nash,Opinion
"A lack of enforcing calls has led to bad habits becoming the norm, and the quality of the tht game has been in steady decline.",Opinion
Bill Russell’s 11 rings are notoriously overrated!,Opinion
Kobe and Shaq should’ve only won one championship. The Sacramento series was blatantly rigged and game 7 of WCF against blazers is some of the worst foul calls I’ve ever seen (down double digits in the fourth).,Opinion
Steph curry ruined basketball. No doubt he’s the greatest shooter but because of him the nba became an entire game relying on 3s. Every new player and team tried to be like him and the warriors. now teams just put up garbage 3 point shots. It has made the game worse,Opinion
Tim Duncan severely overrated and not top 10 of all time,Opinion
Magic and Steph are the best offensive players in history,Opinion
Best shot blocker ≠ best defender…pre Wemby,Opinion
Jalen Brown should be mvp this season,Opinion
Austin Reeves is Underrated,Opinion
the whole linsanity thing was weird and overrated,Opinion
The center court logos have gradually gotten larger so that we get more logo threes.,Opinion
I’m sick and tired of half the game being played from the free throw line,Opinion
Ime Udoka being fired is the main reason the Celtics won their last championship,Opinion
Marc Gasol was better than Pau,Opinion
Michael Jordan wouldn’t be liked nearly as much if he played in the era of the 24 hour new cycle.,Opinion
"The player empowerment era went too far and now we have the least sympathetic stars in all of sports. They make too much money, have zero loyalty, and rarely try.",Opinion
Jokic is fouled 5-10 additional times a game that refs refuse to call.,Opinion
There should not be music played during game play. Little arena noises to get the crowd excited are fine but straight up music is insane. No courts should be crazy colors. It’s ver distracting (hornets and nets for example).,Opinion
The product is absolute garbage these days.,Opinion
"Current NBA parity and talent saturation will make winning multiple rings even more unrealistic, creating need to re-assess how modern players are consider for (frankly unnecessary) GOAT conversations",Opinion
Copper Flagg will be better than Luka for the Mavs,Opinion
"Jokic is undoubtedly the MVP this year, and was last year.",Opinion
Chris Bosh man seem like a chill dude,Opinion
Chris seems like a great guy. Thanks for sharing this.,Opinion
"We need more former players like Lin and Bosh, who actually know how to articulate a point, into media. Very well spoken individuals. Props to them!",Opinion
Goddamn his voice is butter. I also respect the man for still rocking a goatee since forever,Opinion
"I love this man, he explains things so simply and calmly. He’s so damn likeable, and I’m happy that he seems to be doing wealth and knock on wood, is healthy",Opinion
YOU HAVE NO IDEA HOW GOOD TIM DUNCAN WAS,Opinion
"You have no idea how good Tim Duncan is. Out of the 5 positions, he's the farthest from the 2nd in his position outside of maybe Jordan. The gap between him and KG/Dirk/Giannis is larger than that between each other between the 3 below him. KG has no FMVP, and in their prime I think Duncan was better for more seasons and certainly more dominant in the playoffs (2003 playoffs is greater than anything KG did).",Opinion
"I admire Duncan cause he for real only cared about winning, he took a pay cut, didnt mind if gino and parker became stars and the focal point of the offense. Guys like Kobe had to be number 1 and win. Duncan was commited to contributing in anyway to win. Probably why most of his teammates loved him.",Opinion
"[Scotto] The Orlando Magic will add Riley Crean as an assistant coach, league sources told HoopsHype. Crean was the head video coordinator of the Dallas Mavericks and spent three of four seasons there working with Orlando Magic coach Sean Sweeney. Riley, 27, is the son of coach Tom Crean.",Opinion
Lance Stephenson just started throwing punches at everybody and the refs had to call the game before this Michael Beasley and Dwight Howard got ejected. All of this is on the first day of The Big 3 season,News
"[USA Today] Knicks to become first NBA champion to visit 45th/47th Administration’s White House, Dolan says",News
"[Highlight] 10 years ago to this day, LeBron James blocked Andre Iguodala's critical go-ahead layup in Game 7 of the 2016 NBA Finals",News
"Sam Bowie on how he convinced the Trail Blazers to pick him over Jordan in the 1984 draft despite his injury history: ""I can still remember them taking a little mallet, and when they would hit me on my left tibia, and 'I don't feel anything, I would tell 'em. But deep inside, it was hurting.”",News
"[Sactown Sports 1140] Sam Amick on Darius Acuff Jr: ""You had real good talent evaluators saying this guy's special, that he is, you know, could be Allen Iverson, could be Jalen Brunson.""",News
"Joel Embiid averaged 5 ppg on 18% shooting against Marc Gasol and the Toronto Raptors in the 2020 season, after getting shut down in the playoffs vs them. What are other examples of star players struggling mightily against a particular defender?",Analysis
Soccer player Thomas Müller is wandering around lost on his way to practice because of the Knicks parade.,News
[Wright] The Spurs remain committed to De'Aaron Fox as their starting point guard for the 2026-27 season despite the expectation that calls from Dylan Harper's camp for a spot in the starting lineup will grow louder going into next season.,News
"[Puybertier] Zaccharie Risacher: “It was a pretty frustrating season because the playing time I got just kept decreasing,”",News
[Cox] Hackers Publish Knicks and Madison Square Garden Data Online,News
"Bobby Marks: ""I'm still of the belief it's Miami because when you look at Giannis, it's the superstar checklist of 3 things [that Buck want]: Draft Capital, Young Players On Controllable Contracts, Win NOW Players. I do think that Miami right now has the best package out there""",Analysis
"[Murray] The New York Knicks are the first team to win all four games of a NBA Finals in the play-by-play era (since 1997) in which they overcame a double digit deficit in each win. Knicks trailed by 14 in Game 1, 12 in Game 2, 29 in Game 4, 16 in Game 5",Analysis
[Vorkunov] Skechers said Knicks finals star OG Anunoby has a signature shoe coming.,News
"[Fischer] Brayden Burries was impressive in a private setting Tuesday with Clippers coach Tyronn Lue. To the point that Burries, league sources say, is now very much under consideration to be selected by LA with the fifth pick alongside Wagner, Acuff and Brown.",News
[Scotto] The Utah Jazz has expressed interest in re-signing center Jusuf Nurkic,News
Anthony Davis gets two bad calls in under 15 seconds. AD goes berserk and rushes at the ref. Demarcus Cousins has to stop him from first-degree murder,News
[Katz] They Knicks the one NYC team that runs unopposed in New York. The Yankees have the Mets. The Giants have the Jets. The Rangers have the Islanders. The Knicks have … no one else.,Analysis
"[Charania] ESPN analyst Kendrick Perkins – 14-year NBA veteran and 2008 champion – has agreed to become the men's basketball General Manager of HBCU Jackson State, as well as a connection to its broadcast and journalism program, per Perkins.",News
The New York Knicks are the first team to win the NBA Cup and the NBA Finals in the same season,Analysis
"[BasketNews] When asked about what could have been if he and Brunson had stayed on the same team, Doncic acknowledged that their duo would have been very good : ""We have improved a lot every year. We are not the players we were before. It would have been very good, for sure,""",News
[Scotto] The Brooklyn Nets have attempted to move up into the top-four range of the NBA Draft by dangling their No. 6 pick with future first-round draft picks.,News
[Afseth] Wizards plan to draft AJ Dybantsa at No.1,News
"[All-Access]""We brought the trophy home. Let's party, baby, let's party. Knicks in 5."" Jose Alvarado, the New York Native, celebrates with the crowd at the New York Knicks Championship Parade.",News
"[McMenamin] A source close to Doncic: ""Luka wants to be a championship team yesterday. Ever since the trade, they've always told us: 'summer of '26. We'll show you in the summer of '26.' So, we are so excited that the summer of '26 is here.""",News
"Raptors, first team outside US to win title, first team in history to win a title without a single lottery pick on the roster.",Opinion
No one can top TD even Giannis.,Opinion
Peak for peak its a discussion imo. However it's like comparing Rose to Westbrook yk?,Opinion
"Tim Duncan won five rings playing the same position for one team, Anthony Davis has played for three and won one, so yeah the comparison is pretty silly.",Opinion
Wolves fan here. No doubt about his impact on winning but my boy has hands of stone and literally everyone in the arena holds their breath if he starts dribbling the ball.,Analysis
"The Most Downvoted Day was...June 23, 2025. Which... yeah, that tracks. That was the day of Game 7 OKC vs IND. A total of 2,164 comments were downvoted and 23,549 downvotes were doled out.",Analysis
"To be clear: ""Mentions"" = on how many different days a comment including this team name was the #1 most downvoted thing on the entire sub.L.A. Lakers: 9 mentions (#1 overall) | Avg Score: -241 OKC Thunder: 7 mentions | Avg Score: -179 Denver Nuggets: 6 mentions | Avg Score: -161",Analysis
"In first quarters, Spurs were a combined +57 over the 5 games. This is important because this is largely the number holding up the ""led for 72% of the series"" stat.",Analysis
"Zach Lowe pointed out that it seemed the Spurs came out every first quarter going 110% percent then got tired eventually, while the Knicks saved their 110% burst for the fourth quarter",Analysis
game 1 - spurs jump to a 12-3 lead in a game that eventually goes to double OT,Analysis
"We saw the hospital T-Wolves beat the Jokic Nuggets in 6. Lakers go up 3-0 on the Rockets, drop 2, then trounce them in Houston to end the series. The Knicks obliterate the Hawks by 47. Now the Celtics blow a 3-1 lead to the 76ers. Tomorrow we could see another 3-1 blown lead. Plus the Raptors-Cavs series has been tight.",Analysis
"But technically the 'best' round 1 was in 2014, with 5 7-game series, and 50 overall round 1 games. For reference this year there were 3 7-game series and 48 round 1 games.",Analysis
"Sandro Mamukelashvili. Who this season played 80 games as a center, averaging 21.9 minutes per game for the Toronto Raptors. His statline is PPG: 11.2 RPG: 4.9 APG: 1.9. His production and role as a backup coming off the bench primarily fit the idea that the average NBA player is roughly along the 6-8th man on a roster.",Analysis
I just read an article on a way to fix tanking that does a regression based on EPM wins above replacement. Where the value V = 1 - 0.2490 * ln(x) where x is the pick number. Not sure that is the perfect methodology but its at least a start. Sourced from https://www.natesilver.net/p/radical-plan-to-replace-the-nba-draft-lottery-arc-auction,Analysis
"Philly ruined the NBA draft. Philly went through the 'Process' in 2015-2018.. Look at the last slide.Since 2023, the worst team in the NBA has dropped 4 spots in 3 consecutive drafts. The NBA already has their 'anti-tanking' solution by fixing the draft.",Analysis
"I judged a lot of players based on stats when I was younger, but as I've gotten older I've realized that the context matters so much more. In an extreme example, I rewatched a condensed version of Luka's 73 point game against the Hawks after Bam's 83 point game because someone said it was way more impressive, and it is. Beyond the amazing shooting performance (I think Luka was 25/32), it was a close game and the Mavs absolutely had to have 73 from Luka to win. The Heat were intentionally fouling to get Bam a number.",Analysis
[Statistics] Shai Gilgeous-Alexander has tied Wilt Chamberlain's all-time record with 126 straight 20+ point games. If he does it one more time he'll own the longest streak in NBA history.,Analysis
"Plus/minus is simply score-dependent. Wembanyama’s poor plus-minus is due to playing almost every minute of every game – around 80% of total time. Consequently, the 10-point win in game one carries a significant weight.",Analysis
Hart is tied for 2nd most rebounds and tied for most assists total through the first 2 games. Classic glue guy who does all the little things that add up in the box score and hardly anyone notices.,Analysis
"NBA Finals Stats (Counting + Advanced) Through Two Games, table shared",Analysis
"Advanced stats are not always representative of the actual plays. For example, most Knicks players have been in the low minus last 3 games despite winning first 2 games, largely from Brunson hero ball dragging them back and playing catch up most of the game.",Analysis